{"player":{"start":{"x":42.32103566700438,"y":19.37181962960721}},"bg":{"src":"img/sam.jpg","scale":2,"img":{}},"gravity":14,"lines":[]}